USE [db_School]
GO
INSERT [dbo].[AspNetRoles] ([Id], [Name]) VALUES (N'f713010c-69f6-4867-91c5-581b665c7d3b', N'Administrador')
INSERT [dbo].[AspNetRoles] ([Id], [Name]) VALUES (N'43c53a51-c8df-46cb-a61b-5cffe6c15612', N'Estudiante')
INSERT [dbo].[AspNetRoles] ([Id], [Name]) VALUES (N'14884395-3206-4234-a38a-2f0f4f0d704b', N'Profesor')
INSERT [dbo].[AspNetUsers] ([Id], [FirtsName], [LastName], [Phone], [BirthDay], [Email], [EmailConfirmed], [PasswordHash], [SecurityStamp], [PhoneNumber], [PhoneNumberConfirmed], [TwoFactorEnabled], [LockoutEndDateUtc], [LockoutEnabled], [AccessFailedCount], [UserName]) VALUES (N'BC1E7CCB-2AA1-4A29-B653-3E247EDF022B', N'Andres', N'Roa', NULL, CAST(N'2018-05-21T06:29:36.210' AS DateTime), N'admin@hotmail.com', 1, N'AJu7zMph5uWJXjsBOCk/CxAq1oBBAJNWq7cwtsdkWDTs+Il6KkT7yEcOgyBRvnRr3Q==', N'6c3462c9-b3b6-4eed-b5f5-ab55d77a3179', NULL, 0, 0, NULL, 0, 0, N'admin')

INSERT [dbo].[AspNetUserRoles] ([UserId], [RoleId]) VALUES (N'BC1E7CCB-2AA1-4A29-B653-3E247EDF022B', N'f713010c-69f6-4867-91c5-581b665c7d3b')



SET IDENTITY_INSERT [dbo].[T_Menu] ON 
INSERT [dbo].[T_Menu] ([MenuID], [DisplayName], [ParentMenuID], [OrderNumber], [MenuURL], [MenuIcon], [CreateDate], [ModificationDate], [EraseDate], [LogicalErasure]) VALUES (1, N'Cursos', 0, 1, N'#', N'fa fa-newspaper-o', CAST(N'2018-05-18T23:42:52.853' AS DateTime), CAST(N'2018-05-18T23:42:52.853' AS DateTime), NULL, 0)
INSERT [dbo].[T_Menu] ([MenuID], [DisplayName], [ParentMenuID], [OrderNumber], [MenuURL], [MenuIcon], [CreateDate], [ModificationDate], [EraseDate], [LogicalErasure]) VALUES (2, N'Agregar', 1, 1, N'~/Course/Add', N'fa fa-plus-square', CAST(N'2018-05-18T23:45:11.473' AS DateTime), CAST(N'2018-05-18T23:45:11.473' AS DateTime), NULL, 0)
INSERT [dbo].[T_Menu] ([MenuID], [DisplayName], [ParentMenuID], [OrderNumber], [MenuURL], [MenuIcon], [CreateDate], [ModificationDate], [EraseDate], [LogicalErasure]) VALUES (3, N'Listar', 1, 2, N'~/Course/List', N'fa fa-list-ul', CAST(N'2018-05-18T23:45:11.483' AS DateTime), CAST(N'2018-05-18T23:45:11.483' AS DateTime), NULL, 0)
INSERT [dbo].[T_Menu] ([MenuID], [DisplayName], [ParentMenuID], [OrderNumber], [MenuURL], [MenuIcon], [CreateDate], [ModificationDate], [EraseDate], [LogicalErasure]) VALUES (4, N'Personas', 0, 1, N'#', N'fa fa-user-md', CAST(N'2018-05-18T23:45:11.483' AS DateTime), CAST(N'2018-05-18T23:45:11.483' AS DateTime), NULL, 0)
INSERT [dbo].[T_Menu] ([MenuID], [DisplayName], [ParentMenuID], [OrderNumber], [MenuURL], [MenuIcon], [CreateDate], [ModificationDate], [EraseDate], [LogicalErasure]) VALUES (5, N'Agregar', 4, 1, N'~/Person/Add', N'fa fa-user-plus', CAST(N'2018-05-18T23:45:11.483' AS DateTime), CAST(N'2018-05-18T23:45:11.483' AS DateTime), NULL, 0)
INSERT [dbo].[T_Menu] ([MenuID], [DisplayName], [ParentMenuID], [OrderNumber], [MenuURL], [MenuIcon], [CreateDate], [ModificationDate], [EraseDate], [LogicalErasure]) VALUES (6, N'Listar', 4, 1, N'~/Person/List', N'fa fa-users', CAST(N'2018-05-18T23:45:11.487' AS DateTime), CAST(N'2018-05-18T23:45:11.487' AS DateTime), NULL, 0)
INSERT [dbo].[T_Menu] ([MenuID], [DisplayName], [ParentMenuID], [OrderNumber], [MenuURL], [MenuIcon], [CreateDate], [ModificationDate], [EraseDate], [LogicalErasure]) VALUES (10, N'Clase', 1, 3, N'~/Course/AddClass', N'fa fa-plus-square', CAST(N'2018-05-18T23:45:11.483' AS DateTime), CAST(N'2018-05-18T23:45:11.483' AS DateTime), NULL, 0)
INSERT [dbo].[T_Menu] ([MenuID], [DisplayName], [ParentMenuID], [OrderNumber], [MenuURL], [MenuIcon], [CreateDate], [ModificationDate], [EraseDate], [LogicalErasure]) VALUES (11, N'MisCursos', 1, 4, N'~/Course/Courses', N'fa fa-list-ol', CAST(N'2018-05-18T23:45:11.483' AS DateTime), CAST(N'2018-05-18T23:45:11.483' AS DateTime), NULL, 0)
INSERT [dbo].[T_Menu] ([MenuID], [DisplayName], [ParentMenuID], [OrderNumber], [MenuURL], [MenuIcon], [CreateDate], [ModificationDate], [EraseDate], [LogicalErasure]) VALUES (12, N'Programar Clase', 1, 4, N'~/Course/Program', N'fa fa-table', CAST(N'2018-05-18T23:45:11.483' AS DateTime), CAST(N'2018-05-18T23:45:11.483' AS DateTime), NULL, 0)
INSERT [dbo].[T_Menu] ([MenuID], [DisplayName], [ParentMenuID], [OrderNumber], [MenuURL], [MenuIcon], [CreateDate], [ModificationDate], [EraseDate], [LogicalErasure]) VALUES (13, N'Mi Programa', 1, 4, N'~/Course/ProgramList', N'fa fa-list-ul', CAST(N'2018-05-18T23:45:11.483' AS DateTime), CAST(N'2018-05-18T23:45:11.483' AS DateTime), NULL, 0)
SET IDENTITY_INSERT [dbo].[T_Menu] OFF
INSERT [dbo].[T_Permission] ([PermissionID], [RoleID], [MenuID], [Action], [CreateDate], [ModificationDate], [EraseDate], [LogicalErasure]) VALUES (N'ce6485db-e6a4-490b-9f76-0e3144bac8c1', N'f713010c-69f6-4867-91c5-581b665c7d3b', 1, N'', CAST(N'2018-05-19T00:20:00.257' AS DateTime), CAST(N'2018-05-19T00:20:00.257' AS DateTime), NULL, 0)

INSERT [dbo].[T_Permission] ([PermissionID], [RoleID], [MenuID], [Action], [CreateDate], [ModificationDate], [EraseDate], [LogicalErasure]) VALUES (N'3c41ec1e-7e55-4f2d-bb21-40b399d5114c', N'f713010c-69f6-4867-91c5-581b665c7d3b', 2, N'', CAST(N'2018-05-19T00:20:00.257' AS DateTime), CAST(N'2018-05-19T00:20:00.257' AS DateTime), NULL, 0)
INSERT [dbo].[T_Permission] ([PermissionID], [RoleID], [MenuID], [Action], [CreateDate], [ModificationDate], [EraseDate], [LogicalErasure]) VALUES (N'28aebd77-cff4-4db8-9d09-48c6f55bea01', N'43c53a51-c8df-46cb-a61b-5cffe6c15612', 1, N'', CAST(N'2018-05-19T00:20:00.263' AS DateTime), CAST(N'2018-05-19T00:20:00.263' AS DateTime), NULL, 0)

INSERT [dbo].[T_Permission] ([PermissionID], [RoleID], [MenuID], [Action], [CreateDate], [ModificationDate], [EraseDate], [LogicalErasure]) VALUES (N'6da02db2-c1e2-47d0-a7cf-6013627c3dfb', N'43c53a51-c8df-46cb-a61b-5cffe6c15612', 13, N'', CAST(N'2018-05-19T00:20:00.267' AS DateTime), CAST(N'2018-05-19T00:20:00.267' AS DateTime), NULL, 0)
INSERT [dbo].[T_Permission] ([PermissionID], [RoleID], [MenuID], [Action], [CreateDate], [ModificationDate], [EraseDate], [LogicalErasure]) VALUES (N'1a82af8c-575c-4cce-884d-727b01735284', N'43c53a51-c8df-46cb-a61b-5cffe6c15612', 12, N'', CAST(N'2018-05-19T00:20:00.267' AS DateTime), CAST(N'2018-05-19T00:20:00.267' AS DateTime), NULL, 0)
INSERT [dbo].[T_Permission] ([PermissionID], [RoleID], [MenuID], [Action], [CreateDate], [ModificationDate], [EraseDate], [LogicalErasure]) VALUES (N'2478d0e9-34c0-4aad-a445-88e2696dd41f', N'f713010c-69f6-4867-91c5-581b665c7d3b', 4, N'', CAST(N'2018-05-19T00:20:00.260' AS DateTime), CAST(N'2018-05-19T00:20:00.260' AS DateTime), NULL, 0)

INSERT [dbo].[T_Permission] ([PermissionID], [RoleID], [MenuID], [Action], [CreateDate], [ModificationDate], [EraseDate], [LogicalErasure]) VALUES (N'b57f6889-6628-49af-854f-c2b1e70c43c8', N'f713010c-69f6-4867-91c5-581b665c7d3b', 6, N'', CAST(N'2018-05-19T00:20:00.260' AS DateTime), CAST(N'2018-05-19T00:20:00.260' AS DateTime), NULL, 0)
INSERT [dbo].[T_Permission] ([PermissionID], [RoleID], [MenuID], [Action], [CreateDate], [ModificationDate], [EraseDate], [LogicalErasure]) VALUES (N'5cdf0731-c4c7-447e-a73f-dd96f8aec164', N'f713010c-69f6-4867-91c5-581b665c7d3b', 5, N'', CAST(N'2018-05-19T00:20:00.260' AS DateTime), CAST(N'2018-05-19T00:20:00.260' AS DateTime), NULL, 0)
INSERT [dbo].[T_Permission] ([PermissionID], [RoleID], [MenuID], [Action], [CreateDate], [ModificationDate], [EraseDate], [LogicalErasure]) VALUES (N'f8b275ea-c2ef-4024-a8d9-eb8d85b2085f', N'f713010c-69f6-4867-91c5-581b665c7d3b', 3, N'', CAST(N'2018-05-19T00:20:00.257' AS DateTime), CAST(N'2018-05-19T00:20:00.257' AS DateTime), NULL, 0)

INSERT [dbo].[T_Permission] ([PermissionID], [RoleID], [MenuID], [Action], [CreateDate], [ModificationDate], [EraseDate], [LogicalErasure]) VALUES (N'9E48497B-0BA4-42A8-B9D9-D67795FC0A19', N'14884395-3206-4234-a38a-2f0f4f0d704b', 1, N'', CAST(N'2018-05-19T00:20:00.263' AS DateTime), CAST(N'2018-05-19T00:20:00.263' AS DateTime), NULL, 0)
INSERT [dbo].[T_Permission] ([PermissionID], [RoleID], [MenuID], [Action], [CreateDate], [ModificationDate], [EraseDate], [LogicalErasure]) VALUES (N'4897F782-B1B0-41FB-AAE7-E99B5D069D3D', N'14884395-3206-4234-a38a-2f0f4f0d704b', 10, N'', CAST(N'2018-05-19T00:20:00.267' AS DateTime), CAST(N'2018-05-19T00:20:00.267' AS DateTime), NULL, 0)
INSERT [dbo].[T_Permission] ([PermissionID], [RoleID], [MenuID], [Action], [CreateDate], [ModificationDate], [EraseDate], [LogicalErasure]) VALUES (N'C2B4B6BD-E80C-4B1C-88C7-274B380BDB44', N'14884395-3206-4234-a38a-2f0f4f0d704b', 11, N'', CAST(N'2018-05-19T00:20:00.267' AS DateTime), CAST(N'2018-05-19T00:20:00.267' AS DateTime), NULL, 0)




INSERT [dbo].[__MigrationHistory] ([MigrationId], [ContextKey], [Model], [ProductVersion]) VALUES (N'201805211128324_firtsMigration', N'WebSchool.Migrations.Configuration', 0x1F8B0800000000000400ED5D596F24B7117E0F90FFD098A724906774781D47906CC83A1C21BB2B6147EBE44DA0BA39A386FB18F7B19610E497E5213F297F21EC9B6793EC661F720606BC9A6EF22359AC2A92C5EAAAFFFEFB3F67DFBFF89EF50546B11B06E78BA3E5E1C282811D3A6EB03D5FA4C9E6AB6F17DF7FF7FBDF9D5D3BFE8BF55355EE242B876A06F1F9E2394976A7AB556C3F431FC44BDFB5A3300E37C9D20EFD1570C2D5F1E1E15F5647472B88201608CBB2CE3EA541E2FA30FF817E5E86810D77490ABC0FA103BDB87C8EDEAC7354EB23F061BC03363C5FFC1D3EA18761E82D6F834D04609C44A99DA4115C58179E0B5087D6D0DB2C2C1004610212D4DDD3CF315C2751186CD73BF400780FAF3B88CA6D8017C37218A74D71D5111D1E67235A35152B283B8D93D0D7043C3A2949B4A2AB7722F4A2262122E2352276F29A8D3A27E4F9E2D681F9A34FA187084037787AE94559E1F3C587BA898B78F71126CBAAE2B280BC8910DCAF61F4F312473CB094EB1DD42C75BC3CCCFE3BB02E532F9BCDF300A64904BC03EB3E7DF25CFB6FF0F521FC1906E727474F9B936FDF7D039C936FBE8627EFF091A2B1A272C403F4E83E0A7730427D839B7AFC0B6B45D65BD115EB6A589D822A889790742CAC0FE0E53D0CB6C933929BE36F17D68DFB029DEA49C95C9F03170913AA84B814FDFC987A1E78F260FD7ED5DA66F6FF96568FDF7D63A4D58FE08BBBCDA79E6A1F094E142FAC4FD0CBDFC6CFEEAE102F62BE1FCB623751E867BF49FE2ADE3EAEC334B2B3C184C2220F20DAC284ECDDD9AA615E2596CEA0CCB375853A7FD6CE7ACAB237B76836A02E92503531B63454FD1DB6DD4E1C972F5B6D2CD7AC5AC50AB7646A1F58759986758E5459274043FA2D6BC21B374A62893A447F2A35DDDED27B1027A33474FF1C06C3B7F20322DCF31578AD1ABA02097C707DFD19B8F681EB19588C145A41DBC18D1BF9B0E6B31F9050401068F7F91EC431D2C5CE5F41FC3C38A5D7D04E2324D1EB04F8BB71B8E763EA3FC168CCB68C4DCDC3AFE10DB09330BA0EB25ABDF1DE87F6CF619A5C074EC6E19F139B6578450023DDB9B06D18C7378899A17319A2D34E05781B2427C7DA70D92A31F566F0D203AEDFBE1BAC17B3C7AA30BB27A4CB0877864C41DEFEB0ADC3EFC3AD1BA876B82ADCD6E1A28C4287CB82BA1DCEE054FB5B966DEB6E5E44A1B7453963BBEF7CB6CC6FBF73D8F9EFBFFB6DA844DA0123E31AE94CF8230C6084149B730F9204464133032A9A648A0D5C3E7D59A383AF56794B3F012F35DD542769C855817969C861E72F0D7937D1E32FAE93ED53140EA5556104AF549E7FDE95CB1CD5B3B1C58118E6D88D8FA30394C5E5E111ED90A2B8D56423B4FA168CEEC27859C14C73902EDABEBDD2E7C4A66631D41F53D7316F293C1C44A9A3AAADAD0ED26804D1CA976DEB7B9F69D1FEC7DDB876CE6B4600AF23100BBA263B7D6C513FBCAC7E7E95A173FAD010B4DB20B62377978D779DA4D95AD15BE858C8892C594C3FBA08231FA5876032283DD46D7B4B774F48AD7F29AF8C846DBD3B54D30492E36D1CBB7102025B9355B904CF71EE3646F4E05E39689CE869DA738F9E3C097F646B360751A50ACCB154AD96EE89BA5672AA03AB2B48C653FFAB328CEADF5E47EC070ED1FBAB6E027032C5CD68800E6ADBA4163122EEEB04444951B340EA8472E306C0EB8DF20081FD8C36FDC3AF427B2D2EAA38941697E96E52830AF435AF105FB9714BEAEAE5921F553B5D176FED75594AA5DB55D19E1AB9D095BDF570A572A7D0BE45835D746E53737F6EDD2BB561CFAD1F6090F616B30C641A21CB5AEE226255BDB12E07AEDC78E7815789500E2393F720429D541BB1E4201C393022AFC6BB01659DF9FCE97DDB9EC9C8693A1FB4DD7A6C5754497B0D646C5BF5F0780F23DF8DE3DC9EC2DDA734051E2B15856F5098D7F576A3D999B065AADD4B474D8977BAA7BE6CA0A6D19A4DFB5D742759BBC71625773B347170EAA07DFAAAC20B5B620E3474E5BA572CEA8AA5B8A915FB7A104A81282C502E5819CED9475050FBC4562A38338AB0B59B94B254518417711CDA6EDE31CE270EA5833A39D2EBC0B1E4DEEA85DCD01EEF488490CE737748CBA12748032C686D76175C410F26D02A24108908886DE0B06C8206E46874AC5E41D88E359EEF64E7FEC4B489542CCC365B2EC85C2D91EE076E90B0FAD80D6C77073C2995A89A8A6E31D9D8EB36E83757700783AC412925541AE73BBA671DA8DBA1264546A1B315C6716A8CC8F8C6C9665DEC28C79FFBD2077D54CE14FAE809FA58FA860DCAA022BA8DC8A622B2A87441F801C734CC5AFA45AA3302ED24394766A5FC33057D2C5DB7466256926E93302B499637C8ACC53E499D0FA83DD31C5995DCAD4DB7EC0B8836099F1234993D9B8A2F61445CA07023D3F001EF5E58C6092A4D7158AE71D41B50183A71A974182A5C22BA7ED6E256E9DCF5EDC9341C5BDDC069F011731D3720CFD2F7793AAAFC70B93C32A32BE51D1B415DCA6742A51398C3C0742C28F53A6AE5107517248A31190F494DD654F662D29288992859D5C12971BAD4F3479FF35567DD5CFFA692868A3DB57891F15B1B98F769D7B70915B3A46B63A966C98CA87443E8DF3C1A3B0A2CD462D69099AB7136C4AFB074D84F62E99EC296DB915BDB47320AA7B64F98B2D575162C5ADE4928710E7D41619831E98B601CBEB83899353792DD57E102BEEB4B776624E7A75F0F8CF361713985EA24A8068CAA0BBF5D369DC58DE653F612BEF03EBB41EB60793F1F97B7AE344765E06B98905F8B3717625CE5C6B02509425B91DA001B4B9304B48C07D50A54AEF81ADDAB420AB4C296170C1AB0D587FFADB0A5295802DBD84718B0E6951483B70BE3E0F18AA96053870C3E3255488A5B39C272D0AA57528C42FD71108A17D2FAB876E6A0E0AF292C4C9A591EC1239C6105C571D06835A374D15C0FA7966B465D29DD0B63381CD1A6570872E01A4461037D8849D37EF129317F53579FD8F0CA29512093F0925240AC6A480350AB52362AD4E2DDBCE9DDBDF5A416754B26A05635A401A85572AD0AB138E70FADBB9F9EA4224F1A030B61CB571D2CA9146F1F34EF1FB011CAD70BCD0B07025BB00219215AFD558912D5B816705D1BB851BAD1466F190F77A59AFCE34F0101F5ECB73D2CB83459251BA31E265BAD093445F07A188A74E65A06F56D83C6A94A1B0307615891F3248F762A662C3D43164133F19653CF7225DB1CF6A553B5C596908867465136A4F4260C653921F0B8270431512A2FD2FAA05EBF3B5B1501C7CB07672B4164F2B30F60B773832D16A9BC7C62AD8B30E5975FADF50377FB05C6CA267890362BD42D256104B6907A5B7CDD76E34671720512F00432BD74E9F84C31AE594270C8AA9AC42D0FECBC5567AEAA74F6775143FCBD0161AD60CD3925D40D1AA89F5984F20F9C38FB2B7E752B0B200F3C107102AE5D865EEA07626BA9B876F179145EBF78C2229CADA8FE33262886688C0D8F9C01A5F961379D66E7AA3604759F2F318488EA950F0F4E77915F8F18A57205C65144EEC193CD9FC88ED077CE0A9B5BBF4913600C236958D4671C047BAC8ED5C475C6A19AA7EA4865E0661CA67CA48ED18465C6619AA7EA48655C661CA67CA4898185F665C0B0771A7422A22F13E422DEA8235221967148EA95E66C565F8B32735ABDE88427A028BF847A0B6CE8641C9D7DAB21236C10654258D8D71DB0397DA6DFA9A372E22CE3C09CD7EAD84DD0657ACD99F17A2FB4B1F65D3C8A9B957E8B87006398C5C3CC86018B5B8B03618F35B1CAC8B40C58F97C964C253445F765AAE25EAD1F530930C47A8808FC4AAAA1D668B5624C229A2BA1EADBA2D98AF1F45877220679101B92BBB085084E811BC455859258FBF3117228F4F21323A91F06C57D71687D10B2EE1CAD08D8E7D7040EF65C1D8DFD021BC764DF6A6C339B4FB1891D66F358673B417E9D4DCB31FE6E4622C331A39A121F39B49228A9C008176C6EF45462095788D2DAD68200B6131611301547235E68EC45B1A0A8C426147BAE8EC6733EA62829754E16A3EF55C65B5219B25BB3CE0AA31558555D4840A66170966774D9058BDF49AA9AFAB18E21AB8EE2491AB2EAC71AC7FFE6D31CE2DC2FFE62478C656E1FB457286F46A1941E79A6D4081F4E497988AA0A45B20E394948A42084651BD27EDBBE17190D91115C7C7713181E9892B8F02B0A19A2F47B27D840E00B2F4621424212CB29FE42E752000FF3485E0AE06F34B6F178B847621B8FBFD010A42AEA234DB8FCA11E4E11D59199015BEF60B157146F4651609E2DA6D48518524969B455170A29113B9110D296988C6D88D5C760CCBDBB168A1995560545242F8A744FFB7BA19C9550323E5D7491BAF5F249FDBBF6E92AFDA90847AF9C1299DB564E81B8F4EDA21DAC8A220BAB32F7A33DE96B9C407F991558AE7FF12E3D37F798AC0A7C0081BB41525E04485D1C1F1E1D2FAC0BCF0571E17857BA8E9DD21F8929F9921D9D64BE64D0F15774757D8FB40C258E1D628F2E4E78C87AF48C913433F80222FB19446C50D61EC1E81B50E643BDDBC0812FE78B7FE6B54E735FC5ECAFFCF181751B7F0EDC5F52F4E2214AA1F52F3649AFF9F4F35DE92E8C8BA41A43513E4D64AE4175AADEFEE3B1A87A60E5FBB853EB90A2659719AE46D1A13745D51EBDE934B31C77AB37255298AB1689FC071FBCFC1187538933DC786B19002B7DB60C20356E5B05988396D5A453ACE2C271AB650E2805A2D23BDA81AB407F72930E21FA71B72D0384A39CB64C4D2A19FBDF149E11128AD2DE77C112A6BCE7F19F9278516E58DDBBC6F1BB2AC0DC401FACF1B8D255DB55CD0997668ECBD3180A3CA7B3341B48AFBCC153AFE54C46F15E82CE660DD780EB9119BC0367BCB1A4DAC6F612F76CCE6C63D853B2B67EA2EC0E4C632E3F759AEB5037E7E48D9BCDB39163169DF5AB474A2F01A8818C5D9D7776A2B416DDB78A745A8BEE8B3E2FCD857CD1EF9775BACB82387882E7DE9CCD206A2912B4D3ACB5C89164B74269958EF9A1B982926788D68366D34177D9348A93B8B213A349CE631E39F7DA602A6DD016C5750639837BEB017A2694F8F52EF05E3343B2937AF01E46A53F4FBB46E89B92B86091FE9DE3CAD77D046D374F15B6F873FFBCC7A6BA7A62BCAB4C72652DAD2FE9EED7E6170223DAB50221F7BD7B953A894AE5F9518D9DFE777F2CD873AD1ED77282B28E984D77100B192781AE608F6D243F6E176B2A273B6E17182A372EDF10A37F92A053E12AC86CB704957B91ED22B22267A2A912BAF65E74C8E4AEFA17C257464DDA1CE956E84851ABD7468CCC13DBCF90BE17357D513396BF742E294B9B58D19CFE8C98A974EC0465CA6DBEF19CA4B3CB965706FE16F46AD4BCA363F39C28328786BFD7DBC82D3A3BA62BC3C20B7A356AFED0B1994E14B963F64CA7992374763C37F5AA3A19C7292FAD6F2EDB67153D189BD451526DB64597EE9DAFB163B219E1A7E8EA2E0D5A1CA6F419BC5EDBF3CCD0D953B37193B1CD8F8126D1521D79E8379063B3CF8C0FA9CA9850E574CFB4F31C1A4A083B97BC98FF07F92F4750783361B3E9945E17AE7A73D92BE7645F2363E713EC76AF919DF04DD8D5249F3E0B6C6AB3602B69C6C9226301317F83A77F9C071709E35FA85EF40ECB4393678B64B337D0B3587E03CDB9289066832C3E543E5F384F219AF7E29A82C892C2AC77FCC61A5B83B0C1A688B8517156ACB686CBE5BAB5E5B24C7BD37ACD9636E4D666CB32EDCD0AF2CBB5B55D9A125BDB2ECBB4B72DC8D646B7AD94C992D7D238792EF92D8F991153D883013267F2DB329557938F6E3EE726BF9DFB7965E5E4E6EEE3E5BC9598673928C2ECB9F3CFC2291C0F3789AF108B50A082D8F0431067D8A49B8688436878418CF3218833648E4D43A41943A446C8A949AE2FADF92DA586360263A83484C366CB34C92D939168B2D4987D06AB60C7A2F164FBAAD926BA34CE6593904A60B03293D3B2FFFE87B70F94667A9C4FD24A7C83DC925072D0216BA4A464C3949DAD3EA541E6C658FCBA82B1BB6D20CE1066006DC2FA5097B90D36616504A17A5415617C5413E080045C4489BB0176825E67B13EDC60BBB0F2F80959C49927E8DC067769B24B133464E83F7944E081CC98D2D67E9E7793ECF3D95D2E55B18921A06EBA99E7E75DF043EA7A4EDDEF1B8EC3A60022B3D294DF0DE4B29E7D3FB07DAD913E32E9E0444025F96AE3D203F4771E028BEF8235F802BBF40D69B3F7700BECD726128308443E1124D9CFAE5CB08D801F97184D7DF413F1B0E3BF7CF73F64AAB17056D20000, N'6.1.3-40302')
